[
    {
        "id": "test_0",
        "entities": [
            "20-LOC",
            "称号-TER"
        ]
    },
    {
        "id": "test_1",
        "entities": [
            "汉江-LOC",
            ":3-TER"
        ]
    },
    {
        "id": "test_2",
        "entities": [
            "纳支-LOC",
            "坝县-TER"
        ]
    },
    {
        "id": "test_3",
        "entities": [
            "云山-LOC",
            "水量-TER"
        ]
    },
    {
        "id": "test_4",
        "entities": [
            "武穴-LOC",
            "之一-TER"
        ]
    },
    {
        "id": "test_5",
        "entities": [
            "通江-LOC",
            "邑区-TER"
        ]
    },
    {
        "id": "test_6",
        "entities": [
            "流域-LOC",
            "部分-TER"
        ]
    },
    {
        "id": "test_7",
        "entities": [
            "建国-LOC",
            "县城-TER"
        ]
    },
    {
        "id": "test_8",
        "entities": [
            "很久-LOC",
            "安宁-TER"
        ]
    },
    {
        "id": "test_9",
        "entities": [
            "北宋-LOC",
            "部分-TER"
        ]
    },
    {
        "id": "test_10",
        "entities": [
            "黑龙-LOC",
            "公里-TER"
        ]
    },
    {
        "id": "test_11",
        "entities": [
            "柳林-LOC",
            "公里-TER"
        ]
    },
    {
        "id": "test_12",
        "entities": [
            "白山-LOC",
            "效益-TER"
        ]
    },
    {
        "id": "test_13",
        "entities": [
            "19-LOC",
            "月河-TER"
        ]
    },
    {
        "id": "test_14",
        "entities": [
            "南北-LOC",
            "水库-TER"
        ]
    },
    {
        "id": "test_15",
        "entities": [
            "西南-LOC",
            "旺河-TER"
        ]
    },
    {
        "id": "test_16",
        "entities": [
            "芡河-LOC",
            "之间-TER"
        ]
    },
    {
        "id": "test_17",
        "entities": [
            "沙河-LOC",
            "篇章-TER"
        ]
    },
    {
        "id": "test_18",
        "entities": [
            "二源-LOC",
            "潍河-TER"
        ]
    },
    {
        "id": "test_19",
        "entities": [
            "太平-LOC",
            "超市-TER"
        ]
    },
    {
        "id": "test_20",
        "entities": [
            "回到-LOC",
            "金兰-TER"
        ]
    },
    {
        "id": "test_21",
        "entities": [
            "20-LOC",
            "至今-TER"
        ]
    },
    {
        "id": "test_22",
        "entities": [
            "北京-LOC",
            "流域-TER"
        ]
    },
    {
        "id": "test_23",
        "entities": [
            "4.-LOC",
            "临河-TER"
        ]
    },
    {
        "id": "test_24",
        "entities": [
            "小江-LOC",
            "小江-TER"
        ]
    },
    {
        "id": "test_25",
        "entities": [
            "后因-LOC",
            "县治-TER"
        ]
    },
    {
        "id": "test_26",
        "entities": [
            "汾、-LOC",
            "受淹-TER"
        ]
    },
    {
        "id": "test_27",
        "entities": [
            "东汉-LOC",
            "入海-TER"
        ]
    },
    {
        "id": "test_28",
        "entities": [
            "发源-LOC",
            "嫩江-TER"
        ]
    },
    {
        "id": "test_29",
        "entities": [
            "宅梧-LOC",
            "潭江-TER"
        ]
    },
    {
        "id": "test_30",
        "entities": [
            "升金-LOC",
            "灾害-TER"
        ]
    },
    {
        "id": "test_31",
        "entities": [
            "同江-LOC",
            "中心-TER"
        ]
    },
    {
        "id": "test_32",
        "entities": [
            "此外-LOC",
            "0亩-TER"
        ]
    },
    {
        "id": "test_33",
        "entities": [
            "洛河-LOC",
            "00-TER"
        ]
    },
    {
        "id": "test_34",
        "entities": [
            "对下-LOC",
            "解释-TER"
        ]
    },
    {
        "id": "test_35",
        "entities": [
            "朝天-LOC",
            "举行-TER"
        ]
    },
    {
        "id": "test_36",
        "entities": [
            "乌苏-LOC",
            "凯湖-TER"
        ]
    },
    {
        "id": "test_37",
        "entities": [
            "新安-LOC",
            "首位-TER"
        ]
    },
    {
        "id": "test_38",
        "entities": [
            "浉河-LOC",
            "3%-TER"
        ]
    },
    {
        "id": "test_39",
        "entities": [
            "沿途-LOC",
            "公里-TER"
        ]
    },
    {
        "id": "test_40",
        "entities": [
            "东、-LOC",
            "工湖-TER"
        ]
    },
    {
        "id": "test_41",
        "entities": [
            "20-LOC",
            "支持-TER"
        ]
    },
    {
        "id": "test_42",
        "entities": [
            "马别-LOC",
            "决好-TER"
        ]
    },
    {
        "id": "test_43",
        "entities": [
            "项目-LOC",
            "意义-TER"
        ]
    },
    {
        "id": "test_44",
        "entities": [
            "李店-LOC",
            "每秒-TER"
        ]
    },
    {
        "id": "test_45",
        "entities": [
            "属韩-LOC",
            "公里-TER"
        ]
    },
    {
        "id": "test_46",
        "entities": [
            "经元-LOC",
            "溪河-TER"
        ]
    },
    {
        "id": "test_47",
        "entities": [
            "冶木-LOC",
            "洮河-TER"
        ]
    },
    {
        "id": "test_48",
        "entities": [
            "秦皇-LOC",
            "入海-TER"
        ]
    },
    {
        "id": "test_49",
        "entities": [
            "浍河-LOC",
            "东韩-TER"
        ]
    },
    {
        "id": "test_50",
        "entities": [
            "10-LOC",
            "员会-TER"
        ]
    },
    {
        "id": "test_51",
        "entities": [
            "从这-LOC",
            "韩江-TER"
        ]
    },
    {
        "id": "test_52",
        "entities": [
            "晋阳-LOC",
            "胜地-TER"
        ]
    },
    {
        "id": "test_53",
        "entities": [
            "互助-LOC",
            "助村-TER"
        ]
    },
    {
        "id": "test_54",
        "entities": [
            "根据-LOC",
            "每秒-TER"
        ]
    },
    {
        "id": "test_55",
        "entities": [
            "塔河-LOC",
            "镇名-TER"
        ]
    },
    {
        "id": "test_56",
        "entities": [
            "该电-LOC",
            "公里-TER"
        ]
    },
    {
        "id": "test_57",
        "entities": [
            "发源-LOC",
            "藏布-TER"
        ]
    },
    {
        "id": "test_58",
        "entities": [
            "绛河-LOC",
            "面积-TER"
        ]
    },
    {
        "id": "test_59",
        "entities": [
            "毕拉-LOC",
            "支流-TER"
        ]
    },
    {
        "id": "test_60",
        "entities": [
            "沁河-LOC",
            "两川-TER"
        ]
    },
    {
        "id": "test_61",
        "entities": [
            "自民-LOC",
            "江乡-TER"
        ]
    },
    {
        "id": "test_62",
        "entities": [
            "由东-LOC",
            "支流-TER"
        ]
    },
    {
        "id": "test_63",
        "entities": [
            "并可-LOC",
            "要求-TER"
        ]
    },
    {
        "id": "test_64",
        "entities": [
            "东江-LOC",
            "8米-TER"
        ]
    },
    {
        "id": "test_65",
        "entities": [
            "待4-LOC",
            "历史-TER"
        ]
    },
    {
        "id": "test_66",
        "entities": [
            "在段-LOC",
            "充沛-TER"
        ]
    },
    {
        "id": "test_67",
        "entities": [
            "宋元-LOC",
            "堤防-TER"
        ]
    },
    {
        "id": "test_68",
        "entities": [
            "20-LOC",
            "街道-TER"
        ]
    },
    {
        "id": "test_69",
        "entities": [
            "及至-LOC",
            "入江-TER"
        ]
    },
    {
        "id": "test_70",
        "entities": [
            "尤其-LOC",
            "区域-TER"
        ]
    },
    {
        "id": "test_71",
        "entities": [
            "长宁-LOC",
            "个月-TER"
        ]
    },
    {
        "id": "test_72",
        "entities": [
            "南靠-LOC",
            "公里-TER"
        ]
    },
    {
        "id": "test_73",
        "entities": [
            "农场-LOC",
            "点区-TER"
        ]
    },
    {
        "id": "test_74",
        "entities": [
            "可谓-LOC",
            "自驾-TER"
        ]
    },
    {
        "id": "test_75",
        "entities": [
            "柳林-LOC",
            "支流-TER"
        ]
    },
    {
        "id": "test_76",
        "entities": [
            "30-LOC",
            "土地-TER"
        ]
    },
    {
        "id": "test_77",
        "entities": [
            "泥河-LOC",
            "接壤-TER"
        ]
    },
    {
        "id": "test_78",
        "entities": [
            "发源-LOC",
            "花江-TER"
        ]
    },
    {
        "id": "test_79",
        "entities": [
            "梨园-LOC",
            "游为-TER"
        ]
    },
    {
        "id": "test_80",
        "entities": [
            "右源-LOC",
            "游段-TER"
        ]
    },
    {
        "id": "test_81",
        "entities": [
            "黄河-LOC",
            "局级-TER"
        ]
    },
    {
        "id": "test_82",
        "entities": [
            "小浪-LOC",
            "3%-TER"
        ]
    },
    {
        "id": "test_83",
        "entities": [
            "拒马-LOC",
            "怀抱-TER"
        ]
    },
    {
        "id": "test_84",
        "entities": [
            "20-LOC",
            "台阶-TER"
        ]
    },
    {
        "id": "test_85",
        "entities": [
            "淮河-LOC",
            "汝水-TER"
        ]
    },
    {
        "id": "test_86",
        "entities": [
            "经至-LOC",
            "东江-TER"
        ]
    },
    {
        "id": "test_87",
        "entities": [
            "万家-LOC",
            "本村-TER"
        ]
    },
    {
        "id": "test_88",
        "entities": [
            "其中-LOC",
            "正源-TER"
        ]
    },
    {
        "id": "test_89",
        "entities": [
            "曲流-LOC",
            "汤河-TER"
        ]
    },
    {
        "id": "test_90",
        "entities": [
            "晋阳-LOC",
            "作用-TER"
        ]
    },
    {
        "id": "test_91",
        "entities": [
            "发源-LOC",
            "兰河-TER"
        ]
    },
    {
        "id": "test_92",
        "entities": [
            "雅砻-LOC",
            "江河-TER"
        ]
    },
    {
        "id": "test_93",
        "entities": [
            "小清-LOC",
            "展宽-TER"
        ]
    },
    {
        "id": "test_94",
        "entities": [
            "圩堤-LOC",
            "史记-TER"
        ]
    },
    {
        "id": "test_95",
        "entities": [
            "滁河-LOC",
            "/秒-TER"
        ]
    },
    {
        "id": "test_96",
        "entities": [
            "铁河-LOC",
            "公里-TER"
        ]
    },
    {
        "id": "test_97",
        "entities": [
            "由山-LOC",
            "完成-TER"
        ]
    },
    {
        "id": "test_98",
        "entities": [
            "沱沱-LOC",
            "而知-TER"
        ]
    },
    {
        "id": "test_99",
        "entities": [
            "原由-LOC",
            "干流-TER"
        ]
    },
    {
        "id": "test_100",
        "entities": [
            "根据-LOC",
            "公园-TER"
        ]
    },
    {
        "id": "test_101",
        "entities": [
            "有马-LOC",
            "河等-TER"
        ]
    },
    {
        "id": "test_102",
        "entities": [
            "全长-LOC",
            "公里-TER"
        ]
    },
    {
        "id": "test_103",
        "entities": [
            "：七-LOC",
            "得名-TER"
        ]
    },
    {
        "id": "test_104",
        "entities": [
            "截至-LOC",
            "和镇-TER"
        ]
    },
    {
        "id": "test_105",
        "entities": [
            "兴江-LOC",
            "宁江-TER"
        ]
    },
    {
        "id": "test_106",
        "entities": [
            "东、-LOC",
            "2%-TER"
        ]
    },
    {
        "id": "test_107",
        "entities": [
            "听老-LOC",
            "故事-TER"
        ]
    },
    {
        "id": "test_108",
        "entities": [
            "淄河-LOC",
            "清河-TER"
        ]
    },
    {
        "id": "test_109",
        "entities": [
            "官厅-LOC",
            "竣工-TER"
        ]
    },
    {
        "id": "test_110",
        "entities": [
            "分析-LOC",
            "亿m-TER"
        ]
    },
    {
        "id": "test_111",
        "entities": [
            "信江-LOC",
            "得名-TER"
        ]
    },
    {
        "id": "test_112",
        "entities": [
            "新凯-LOC",
            "水系-TER"
        ]
    },
    {
        "id": "test_113",
        "entities": [
            "全部-LOC",
            "汇合-TER"
        ]
    },
    {
        "id": "test_114",
        "entities": [
            "镇域-LOC",
            "线路-TER"
        ]
    },
    {
        "id": "test_115",
        "entities": [
            "P1-LOC",
            "灵魂-TER"
        ]
    },
    {
        "id": "test_116",
        "entities": [
            "白沙-LOC",
            "7‰-TER"
        ]
    },
    {
        "id": "test_117",
        "entities": [
            "利用-LOC",
            "电站-TER"
        ]
    },
    {
        "id": "test_118",
        "entities": [
            "19-LOC",
            "级）-TER"
        ]
    },
    {
        "id": "test_119",
        "entities": [
            "霸王-LOC",
            "公顷-TER"
        ]
    },
    {
        "id": "test_120",
        "entities": [
            "古桂-LOC",
            "西渠-TER"
        ]
    },
    {
        "id": "test_121",
        "entities": [
            "19-LOC",
            "面积-TER"
        ]
    },
    {
        "id": "test_122",
        "entities": [
            "从柳-LOC",
            "公里-TER"
        ]
    },
    {
        "id": "test_123",
        "entities": [
            "依据-LOC",
            "示范-TER"
        ]
    },
    {
        "id": "test_124",
        "entities": [
            "西沙-LOC",
            "白河-TER"
        ]
    },
    {
        "id": "test_125",
        "entities": [
            "19-LOC",
            "理局-TER"
        ]
    },
    {
        "id": "test_126",
        "entities": [
            "19-LOC",
            "/秒-TER"
        ]
    },
    {
        "id": "test_127",
        "entities": [
            "可以-LOC",
            "所致-TER"
        ]
    },
    {
        "id": "test_128",
        "entities": [
            "义乌-LOC",
            "流入-TER"
        ]
    },
    {
        "id": "test_129",
        "entities": [
            "第二-LOC",
            "长江-TER"
        ]
    },
    {
        "id": "test_130",
        "entities": [
            "20-LOC",
            "化，-TER"
        ]
    },
    {
        "id": "test_131",
        "entities": [
            "解放-LOC",
            "万亩-TER"
        ]
    },
    {
        "id": "test_132",
        "entities": [
            "水库-LOC",
            "安全-TER"
        ]
    },
    {
        "id": "test_133",
        "entities": [
            "黄牛-LOC",
            "公明-TER"
        ]
    },
    {
        "id": "test_134",
        "entities": [
            "19-LOC",
            "8米-TER"
        ]
    },
    {
        "id": "test_135",
        "entities": [
            "伊图-LOC",
            "驻地-TER"
        ]
    },
    {
        "id": "test_136",
        "entities": [
            "柳堤-LOC",
            "交融-TER"
        ]
    },
    {
        "id": "test_137",
        "entities": [
            "源出-LOC",
            "细河-TER"
        ]
    },
    {
        "id": "test_138",
        "entities": [
            "西江-LOC",
            "1%-TER"
        ]
    },
    {
        "id": "test_139",
        "entities": [
            "龙王-LOC",
            "北段-TER"
        ]
    },
    {
        "id": "test_140",
        "entities": [
            "再设-LOC",
            "满溢-TER"
        ]
    },
    {
        "id": "test_141",
        "entities": [
            "涉及-LOC",
            "万人-TER"
        ]
    },
    {
        "id": "test_142",
        "entities": [
            "抚仙-LOC",
            "公布-TER"
        ]
    },
    {
        "id": "test_143",
        "entities": [
            "芜湖-LOC",
            "长江-TER"
        ]
    },
    {
        "id": "test_144",
        "entities": [
            "榜沙-LOC",
            "县境-TER"
        ]
    },
    {
        "id": "test_145",
        "entities": [
            "据《-LOC",
            "水位-TER"
        ]
    },
    {
        "id": "test_146",
        "entities": [
            "喀什-LOC",
            "建设-TER"
        ]
    },
    {
        "id": "test_147",
        "entities": [
            "汶水-LOC",
            "出境-TER"
        ]
    },
    {
        "id": "test_148",
        "entities": [
            "由于-LOC",
            "严峻-TER"
        ]
    },
    {
        "id": "test_149",
        "entities": [
            "截至-LOC",
            "严重-TER"
        ]
    },
    {
        "id": "test_150",
        "entities": [
            "东起-LOC",
            "华里-TER"
        ]
    },
    {
        "id": "test_151",
        "entities": [
            "安砂-LOC",
            "生产-TER"
        ]
    },
    {
        "id": "test_152",
        "entities": [
            "江滨-LOC",
            "廊”-TER"
        ]
    },
    {
        "id": "test_153",
        "entities": [
            "连江-LOC",
            "效益-TER"
        ]
    },
    {
        "id": "test_154",
        "entities": [
            "但当-LOC",
            "方便-TER"
        ]
    },
    {
        "id": "test_155",
        "entities": [
            "大其-LOC",
            "管辖-TER"
        ]
    },
    {
        "id": "test_156",
        "entities": [
            "水库-LOC",
            "范围-TER"
        ]
    },
    {
        "id": "test_157",
        "entities": [
            "龙潭-LOC",
            "公里-TER"
        ]
    },
    {
        "id": "test_158",
        "entities": [
            "复旦-LOC",
            "题旨-TER"
        ]
    },
    {
        "id": "test_159",
        "entities": [
            "据上-LOC",
            "公里-TER"
        ]
    },
    {
        "id": "test_160",
        "entities": [
            "《沙-LOC",
            "也”-TER"
        ]
    },
    {
        "id": "test_161",
        "entities": [
            "自1-LOC",
            "平湖-TER"
        ]
    },
    {
        "id": "test_162",
        "entities": [
            "“十-LOC",
            "8%-TER"
        ]
    },
    {
        "id": "test_163",
        "entities": [
            "19-LOC",
            "备处-TER"
        ]
    },
    {
        "id": "test_164",
        "entities": [
            "岷江-LOC",
            "货轮-TER"
        ]
    },
    {
        "id": "test_165",
        "entities": [
            "作者-LOC",
            "风致-TER"
        ]
    },
    {
        "id": "test_166",
        "entities": [
            "19-LOC",
            "职能-TER"
        ]
    },
    {
        "id": "test_167",
        "entities": [
            "位于-LOC",
            "界处-TER"
        ]
    },
    {
        "id": "test_168",
        "entities": [
            "科罗-LOC",
            "湖等-TER"
        ]
    },
    {
        "id": "test_169",
        "entities": [
            "索曲-LOC",
            "河”-TER"
        ]
    },
    {
        "id": "test_170",
        "entities": [
            "明光-LOC",
            "8亩-TER"
        ]
    },
    {
        "id": "test_171",
        "entities": [
            "黑龙-LOC",
            "关系-TER"
        ]
    },
    {
        "id": "test_172",
        "entities": [
            "电站-LOC",
            "km-TER"
        ]
    },
    {
        "id": "test_173",
        "entities": [
            "赣江-LOC",
            "流域-TER"
        ]
    },
    {
        "id": "test_174",
        "entities": [
            "在麟-LOC",
            "/秒-TER"
        ]
    },
    {
        "id": "test_175",
        "entities": [
            "20-LOC",
            "团”-TER"
        ]
    },
    {
        "id": "test_176",
        "entities": [
            "黄河-LOC",
            "排列-TER"
        ]
    },
    {
        "id": "test_177",
        "entities": [
            "周亨-LOC",
            "）人-TER"
        ]
    },
    {
        "id": "test_178",
        "entities": [
            "赛（-LOC",
            "全乡-TER"
        ]
    },
    {
        "id": "test_179",
        "entities": [
            "梅州-LOC",
            "4‰-TER"
        ]
    },
    {
        "id": "test_180",
        "entities": [
            "烟筒-LOC",
            "沼泽-TER"
        ]
    },
    {
        "id": "test_181",
        "entities": [
            "海河-LOC",
            "儿园-TER"
        ]
    },
    {
        "id": "test_182",
        "entities": [
            "汉城-LOC",
            "秀美-TER"
        ]
    },
    {
        "id": "test_183",
        "entities": [
            "水经-LOC",
            "山”-TER"
        ]
    },
    {
        "id": "test_184",
        "entities": [
            "干渠-LOC",
            "水库-TER"
        ]
    },
    {
        "id": "test_185",
        "entities": [
            "全市-LOC",
            "标准-TER"
        ]
    },
    {
        "id": "test_186",
        "entities": [
            "农田-LOC",
            "肥厂-TER"
        ]
    },
    {
        "id": "test_187",
        "entities": [
            "盐池-LOC",
            "开采-TER"
        ]
    },
    {
        "id": "test_188",
        "entities": [
            "塘北-LOC",
            "0里-TER"
        ]
    },
    {
        "id": "test_189",
        "entities": [
            "折向-LOC",
            "注入-TER"
        ]
    },
    {
        "id": "test_190",
        "entities": [
            "佛子-LOC",
            "农田-TER"
        ]
    },
    {
        "id": "test_191",
        "entities": [
            "东峡-LOC",
            "设计-TER"
        ]
    },
    {
        "id": "test_192",
        "entities": [
            "小沟-LOC",
            "乡”-TER"
        ]
    },
    {
        "id": "test_193",
        "entities": [
            "阆中-LOC",
            "古城-TER"
        ]
    },
    {
        "id": "test_194",
        "entities": [
            "于三-LOC",
            "0米-TER"
        ]
    },
    {
        "id": "test_195",
        "entities": [
            "乾隆-LOC",
            "宁晋-TER"
        ]
    },
    {
        "id": "test_196",
        "entities": [
            "19-LOC",
            "流）-TER"
        ]
    },
    {
        "id": "test_197",
        "entities": [
            "上游-LOC",
            "独特-TER"
        ]
    },
    {
        "id": "test_198",
        "entities": [
            "19-LOC",
            "一枪-TER"
        ]
    },
    {
        "id": "test_199",
        "entities": [
            "其中-LOC",
            "较长-TER"
        ]
    },
    {
        "id": "test_200",
        "entities": [
            "本影-LOC",
            "例的-TER"
        ]
    },
    {
        "id": "test_201",
        "entities": [
            "后河-LOC",
            "汊河-TER"
        ]
    },
    {
        "id": "test_202",
        "entities": [
            "高度-LOC",
            "流域-TER"
        ]
    },
    {
        "id": "test_203",
        "entities": [
            "龙湖-LOC",
            "湖区-TER"
        ]
    },
    {
        "id": "test_204",
        "entities": [
            "圣塘-LOC",
            "华河-TER"
        ]
    },
    {
        "id": "test_205",
        "entities": [
            "河蟹-LOC",
            "踪迹-TER"
        ]
    },
    {
        "id": "test_206",
        "entities": [
            "马家-LOC",
            "/秒-TER"
        ]
    },
    {
        "id": "test_207",
        "entities": [
            "淡水-LOC",
            "鱼类-TER"
        ]
    },
    {
        "id": "test_208",
        "entities": [
            "灌区-LOC",
            "万亩-TER"
        ]
    },
    {
        "id": "test_209",
        "entities": [
            "源头-LOC",
            "南海-TER"
        ]
    },
    {
        "id": "test_210",
        "entities": [
            "黄河-LOC",
            "千米-TER"
        ]
    },
    {
        "id": "test_211",
        "entities": [
            "芙蓉-LOC",
            "蓉江-TER"
        ]
    },
    {
        "id": "test_212",
        "entities": [
            "同时-LOC",
            "良田-TER"
        ]
    },
    {
        "id": "test_213",
        "entities": [
            "20-LOC",
            "小学-TER"
        ]
    },
    {
        "id": "test_214",
        "entities": [
            "五条-LOC",
            "水河-TER"
        ]
    },
    {
        "id": "test_215",
        "entities": [
            "在梅-LOC",
            "万吨-TER"
        ]
    },
    {
        "id": "test_216",
        "entities": [
            "自莲-LOC",
            "兰河-TER"
        ]
    },
    {
        "id": "test_217",
        "entities": [
            "是中-LOC",
            "览区-TER"
        ]
    },
    {
        "id": "test_218",
        "entities": [
            "长江-LOC",
            "延伸-TER"
        ]
    },
    {
        "id": "test_219",
        "entities": [
            "经考-LOC",
            "地区-TER"
        ]
    },
    {
        "id": "test_220",
        "entities": [
            "大伙-LOC",
            "泄洪-TER"
        ]
    },
    {
        "id": "test_221",
        "entities": [
            "生产-LOC",
            "格局-TER"
        ]
    },
    {
        "id": "test_222",
        "entities": [
            "引滦-LOC",
            "水库-TER"
        ]
    },
    {
        "id": "test_223",
        "entities": [
            "玛巧-LOC",
            "分离-TER"
        ]
    },
    {
        "id": "test_224",
        "entities": [
            "南北-LOC",
            "干流-TER"
        ]
    },
    {
        "id": "test_225",
        "entities": [
            "19-LOC",
            "施工-TER"
        ]
    },
    {
        "id": "test_226",
        "entities": [
            "渠首-LOC",
            "然村-TER"
        ]
    },
    {
        "id": "test_227",
        "entities": [
            "灵江-LOC",
            "性质-TER"
        ]
    },
    {
        "id": "test_228",
        "entities": [
            "老濉-LOC",
            "之一-TER"
        ]
    },
    {
        "id": "test_229",
        "entities": [
            "19-LOC",
            "万亩-TER"
        ]
    },
    {
        "id": "test_230",
        "entities": [
            "卧龙-LOC",
            "平县-TER"
        ]
    },
    {
        "id": "test_231",
        "entities": [
            "顺河-LOC",
            "4组-TER"
        ]
    },
    {
        "id": "test_232",
        "entities": [
            "万宁-LOC",
            "境内-TER"
        ]
    },
    {
        "id": "test_233",
        "entities": [
            "在上-LOC",
            "公里-TER"
        ]
    },
    {
        "id": "test_234",
        "entities": [
            "明嘉-LOC",
            "手”-TER"
        ]
    },
    {
        "id": "test_235",
        "entities": [
            "随着-LOC",
            "提高-TER"
        ]
    },
    {
        "id": "test_236",
        "entities": [
            "隋唐-LOC",
            "浍河-TER"
        ]
    },
    {
        "id": "test_237",
        "entities": [
            "皖河-LOC",
            "都是-TER"
        ]
    },
    {
        "id": "test_238",
        "entities": [
            "19-LOC",
            "恢宏-TER"
        ]
    },
    {
        "id": "test_239",
        "entities": [
            "山东-LOC",
            "工程-TER"
        ]
    },
    {
        "id": "test_240",
        "entities": [
            "石头-LOC",
            "过境-TER"
        ]
    },
    {
        "id": "test_241",
        "entities": [
            "两宋-LOC",
            "两岸-TER"
        ]
    },
    {
        "id": "test_242",
        "entities": [
            "颍州-LOC",
            "有关-TER"
        ]
    },
    {
        "id": "test_243",
        "entities": [
            "可以-LOC",
            "农忙-TER"
        ]
    },
    {
        "id": "test_244",
        "entities": [
            "同年-LOC",
            "店镇-TER"
        ]
    },
    {
        "id": "test_245",
        "entities": [
            "在上-LOC",
            "公里-TER"
        ]
    },
    {
        "id": "test_246",
        "entities": [
            "位于-LOC",
            "左右-TER"
        ]
    },
    {
        "id": "test_247",
        "entities": [
            "20-LOC",
            "单位-TER"
        ]
    },
    {
        "id": "test_248",
        "entities": [
            "汾河-LOC",
            "汇入-TER"
        ]
    },
    {
        "id": "test_249",
        "entities": [
            "将军-LOC",
            "公园-TER"
        ]
    },
    {
        "id": "test_250",
        "entities": [
            "为广-LOC",
            "最大-TER"
        ]
    },
    {
        "id": "test_251",
        "entities": [
            "湖名-LOC",
            "淡水-TER"
        ]
    },
    {
        "id": "test_252",
        "entities": [
            "大坝-LOC",
            "方米-TER"
        ]
    },
    {
        "id": "test_253",
        "entities": [
            "19-LOC",
            "影院-TER"
        ]
    },
    {
        "id": "test_254",
        "entities": [
            "是加-LOC",
            "可调-TER"
        ]
    },
    {
        "id": "test_255",
        "entities": [
            "西辽-LOC",
            "公里-TER"
        ]
    },
    {
        "id": "test_256",
        "entities": [
            "源出-LOC",
            "细河-TER"
        ]
    },
    {
        "id": "test_257",
        "entities": [
            "沿河-LOC",
            "活动-TER"
        ]
    },
    {
        "id": "test_258",
        "entities": [
            "干流-LOC",
            "东流-TER"
        ]
    },
    {
        "id": "test_259",
        "entities": [
            "龙潭-LOC",
            "拱坝-TER"
        ]
    },
    {
        "id": "test_260",
        "entities": [
            "由鄱-LOC",
            "究所-TER"
        ]
    },
    {
        "id": "test_261",
        "entities": [
            "位于-LOC",
            "之一-TER"
        ]
    },
    {
        "id": "test_262",
        "entities": [
            "是绰-LOC",
            "去处-TER"
        ]
    },
    {
        "id": "test_263",
        "entities": [
            "漳河-LOC",
            "0条-TER"
        ]
    },
    {
        "id": "test_264",
        "entities": [
            "为解-LOC",
            "整治-TER"
        ]
    },
    {
        "id": "test_265",
        "entities": [
            "19-LOC",
            "公所-TER"
        ]
    },
    {
        "id": "test_266",
        "entities": [
            "西布-LOC",
            "支流-TER"
        ]
    },
    {
        "id": "test_267",
        "entities": [
            "在重-LOC",
            "渝”-TER"
        ]
    },
    {
        "id": "test_268",
        "entities": [
            "新汴-LOC",
            "汴河-TER"
        ]
    },
    {
        "id": "test_269",
        "entities": [
            "西湖-LOC",
            "6′-TER"
        ]
    },
    {
        "id": "test_270",
        "entities": [
            "其境-LOC",
            "水河-TER"
        ]
    },
    {
        "id": "test_271",
        "entities": [
            "自珠-LOC",
            "千米-TER"
        ]
    },
    {
        "id": "test_272",
        "entities": [
            "安徽-LOC",
            "现场-TER"
        ]
    },
    {
        "id": "test_273",
        "entities": [
            "串场-LOC",
            "河道-TER"
        ]
    },
    {
        "id": "test_274",
        "entities": [
            "大兴-LOC",
            "公里-TER"
        ]
    },
    {
        "id": "test_275",
        "entities": [
            "根据-LOC",
            "运行-TER"
        ]
    },
    {
        "id": "test_276",
        "entities": [
            "东起-LOC",
            "00-TER"
        ]
    },
    {
        "id": "test_277",
        "entities": [
            "由于-LOC",
            "很大-TER"
        ]
    },
    {
        "id": "test_278",
        "entities": [
            "西岸-LOC",
            "殖场-TER"
        ]
    },
    {
        "id": "test_279",
        "entities": [
            "龙江-LOC",
            "动物-TER"
        ]
    },
    {
        "id": "test_280",
        "entities": [
            "至东-LOC",
            "库区-TER"
        ]
    },
    {
        "id": "test_281",
        "entities": [
            "10-LOC",
            "员会-TER"
        ]
    },
    {
        "id": "test_282",
        "entities": [
            "尼山-LOC",
            "完成-TER"
        ]
    },
    {
        "id": "test_283",
        "entities": [
            "龙门-LOC",
            "境内-TER"
        ]
    },
    {
        "id": "test_284",
        "entities": [
            "小浪-LOC",
            "名度-TER"
        ]
    },
    {
        "id": "test_285",
        "entities": [
            "19-LOC",
            "水库-TER"
        ]
    },
    {
        "id": "test_286",
        "entities": [
            "因此-LOC",
            "充裕-TER"
        ]
    },
    {
        "id": "test_287",
        "entities": [
            "那交-LOC",
            "潭河-TER"
        ]
    },
    {
        "id": "test_288",
        "entities": [
            "工程-LOC",
            "一遇-TER"
        ]
    },
    {
        "id": "test_289",
        "entities": [
            "朱桥-LOC",
            "山河-TER"
        ]
    },
    {
        "id": "test_290",
        "entities": [
            "20-LOC",
            "进场-TER"
        ]
    },
    {
        "id": "test_291",
        "entities": [
            "发展-LOC",
            "得名-TER"
        ]
    },
    {
        "id": "test_292",
        "entities": [
            "太平-LOC",
            "公里-TER"
        ]
    },
    {
        "id": "test_293",
        "entities": [
            "南明-LOC",
            "工湖-TER"
        ]
    },
    {
        "id": "test_294",
        "entities": [
            "汉为-LOC",
            "得名-TER"
        ]
    },
    {
        "id": "test_295",
        "entities": [
            "穆棱-LOC",
            "集岭-TER"
        ]
    },
    {
        "id": "test_296",
        "entities": [
            "五道-LOC",
            "支流-TER"
        ]
    },
    {
        "id": "test_297",
        "entities": [
            "20-LOC",
            "1号-TER"
        ]
    },
    {
        "id": "test_298",
        "entities": [
            "宝坻-LOC",
            "越高-TER"
        ]
    },
    {
        "id": "test_299",
        "entities": [
            "水阳-LOC",
            "堤溃-TER"
        ]
    },
    {
        "id": "test_300",
        "entities": [
            "水库-LOC",
            "良田-TER"
        ]
    },
    {
        "id": "test_301",
        "entities": [
            "解放-LOC",
            "首位-TER"
        ]
    },
    {
        "id": "test_302",
        "entities": [
            "崮河-LOC",
            "疃河-TER"
        ]
    },
    {
        "id": "test_303",
        "entities": [
            "19-LOC",
            "度汛-TER"
        ]
    },
    {
        "id": "test_304",
        "entities": [
            "华阳-LOC",
            "水岭-TER"
        ]
    },
    {
        "id": "test_305",
        "entities": [
            "婺、-LOC",
            "塘江-TER"
        ]
    },
    {
        "id": "test_306",
        "entities": [
            "沣河-LOC",
            "万吨-TER"
        ]
    },
    {
        "id": "test_307",
        "entities": [
            "白泽-LOC",
            "机遇-TER"
        ]
    },
    {
        "id": "test_308",
        "entities": [
            "东平-LOC",
            "黄河-TER"
        ]
    },
    {
        "id": "test_309",
        "entities": [
            "从隋-LOC",
            "河”-TER"
        ]
    },
    {
        "id": "test_310",
        "entities": [
            "滨绥-LOC",
            "公里-TER"
        ]
    },
    {
        "id": "test_311",
        "entities": [
            "湄公-LOC",
            "不大-TER"
        ]
    },
    {
        "id": "test_312",
        "entities": [
            "有江-LOC",
            "景观-TER"
        ]
    },
    {
        "id": "test_313",
        "entities": [
            "现行-LOC",
            "而成-TER"
        ]
    },
    {
        "id": "test_314",
        "entities": [
            "石窟-LOC",
            "可分-TER"
        ]
    },
    {
        "id": "test_315",
        "entities": [
            "兴建-LOC",
            "标准-TER"
        ]
    },
    {
        "id": "test_316",
        "entities": [
            "英那-LOC",
            "注入-TER"
        ]
    },
    {
        "id": "test_317",
        "entities": [
            "标台-LOC",
            "公里-TER"
        ]
    },
    {
        "id": "test_318",
        "entities": [
            "洪峰-LOC",
            "宿等-TER"
        ]
    },
    {
        "id": "test_319",
        "entities": [
            "新马-LOC",
            "公里-TER"
        ]
    },
    {
        "id": "test_320",
        "entities": [
            "在1-LOC",
            "公里-TER"
        ]
    },
    {
        "id": "test_321",
        "entities": [
            "盘龙-LOC",
            "河道-TER"
        ]
    },
    {
        "id": "test_322",
        "entities": [
            "在兴-LOC",
            "黄河-TER"
        ]
    },
    {
        "id": "test_323",
        "entities": [
            "水库-LOC",
            "作用-TER"
        ]
    },
    {
        "id": "test_324",
        "entities": [
            "长江-LOC",
            "度大-TER"
        ]
    },
    {
        "id": "test_325",
        "entities": [
            "澄湖-LOC",
            "一”-TER"
        ]
    },
    {
        "id": "test_326",
        "entities": [
            "19-LOC",
            "通航-TER"
        ]
    },
    {
        "id": "test_327",
        "entities": [
            "据统-LOC",
            "6倍-TER"
        ]
    },
    {
        "id": "test_328",
        "entities": [
            "发源-LOC",
            "东江-TER"
        ]
    },
    {
        "id": "test_329",
        "entities": [
            "11-LOC",
            "战略-TER"
        ]
    },
    {
        "id": "test_330",
        "entities": [
            "截至-LOC",
            "称号-TER"
        ]
    },
    {
        "id": "test_331",
        "entities": [
            "民国-LOC",
            "工程-TER"
        ]
    },
    {
        "id": "test_332",
        "entities": [
            "石钟-LOC",
            "天下-TER"
        ]
    },
    {
        "id": "test_333",
        "entities": [
            "向家-LOC",
            "灌区-TER"
        ]
    },
    {
        "id": "test_334",
        "entities": [
            "赛里-LOC",
            "m³-TER"
        ]
    },
    {
        "id": "test_335",
        "entities": [
            "建库-LOC",
            "压力-TER"
        ]
    },
    {
        "id": "test_336",
        "entities": [
            "水库-LOC",
            "紧要-TER"
        ]
    },
    {
        "id": "test_337",
        "entities": [
            "位于-LOC",
            "发电-TER"
        ]
    },
    {
        "id": "test_338",
        "entities": [
            "邵伯-LOC",
            "走廊-TER"
        ]
    },
    {
        "id": "test_339",
        "entities": [
            "该公-LOC",
            "服务-TER"
        ]
    },
    {
        "id": "test_340",
        "entities": [
            "它源-LOC",
            "公里-TER"
        ]
    },
    {
        "id": "test_341",
        "entities": [
            "流溪-LOC",
            "湖乡-TER"
        ]
    },
    {
        "id": "test_342",
        "entities": [
            "蛤蟆-LOC",
            "基地-TER"
        ]
    },
    {
        "id": "test_343",
        "entities": [
            "淮河-LOC",
            "公里-TER"
        ]
    },
    {
        "id": "test_344",
        "entities": [
            "19-LOC",
            "工程-TER"
        ]
    },
    {
        "id": "test_345",
        "entities": [
            "远远-LOC",
            "截断-TER"
        ]
    },
    {
        "id": "test_346",
        "entities": [
            "分布-LOC",
            "公里-TER"
        ]
    },
    {
        "id": "test_347",
        "entities": [
            "北渠-LOC",
            "余亩-TER"
        ]
    },
    {
        "id": "test_348",
        "entities": [
            "20-LOC",
            "3吨-TER"
        ]
    },
    {
        "id": "test_349",
        "entities": [
            "明初-LOC",
            "水河-TER"
        ]
    },
    {
        "id": "test_350",
        "entities": [
            "雁鸣-LOC",
            "转站-TER"
        ]
    },
    {
        "id": "test_351",
        "entities": [
            "上游-LOC",
            "隆河-TER"
        ]
    },
    {
        "id": "test_352",
        "entities": [
            "产于-LOC",
            "公斤-TER"
        ]
    },
    {
        "id": "test_353",
        "entities": [
            "克鲁-LOC",
            "源头-TER"
        ]
    },
    {
        "id": "test_354",
        "entities": [
            "河源-LOC",
            "水库-TER"
        ]
    },
    {
        "id": "test_355",
        "entities": [
            "在芜-LOC",
            "长江-TER"
        ]
    },
    {
        "id": "test_356",
        "entities": [
            "该工-LOC",
            "安全-TER"
        ]
    },
    {
        "id": "test_357",
        "entities": [
            "南流-LOC",
            "都河-TER"
        ]
    },
    {
        "id": "test_358",
        "entities": [
            "渠长-LOC",
            "农田-TER"
        ]
    },
    {
        "id": "test_359",
        "entities": [
            "小苏-LOC",
            "内)-TER"
        ]
    },
    {
        "id": "test_360",
        "entities": [
            "大丰-LOC",
            "水河-TER"
        ]
    },
    {
        "id": "test_361",
        "entities": [
            "中源-LOC",
            "合一-TER"
        ]
    },
    {
        "id": "test_362",
        "entities": [
            "30-LOC",
            "好走-TER"
        ]
    },
    {
        "id": "test_363",
        "entities": [
            "运粮-LOC",
            "通航-TER"
        ]
    },
    {
        "id": "test_364",
        "entities": [
            "大排-LOC",
            "佛山-TER"
        ]
    },
    {
        "id": "test_365",
        "entities": [
            "值得-LOC",
            "沱河-TER"
        ]
    },
    {
        "id": "test_366",
        "entities": [
            "付家-LOC",
            "之中-TER"
        ]
    },
    {
        "id": "test_367",
        "entities": [
            "位于-LOC",
            "0亩-TER"
        ]
    },
    {
        "id": "test_368",
        "entities": [
            "第三-LOC",
            "罚款-TER"
        ]
    },
    {
        "id": "test_369",
        "entities": [
            "张士-LOC",
            "支流-TER"
        ]
    },
    {
        "id": "test_370",
        "entities": [
            "延河-LOC",
            "延河-TER"
        ]
    },
    {
        "id": "test_371",
        "entities": [
            "水库-LOC",
            "水库-TER"
        ]
    },
    {
        "id": "test_372",
        "entities": [
            "丰乐-LOC",
            "潭河-TER"
        ]
    },
    {
        "id": "test_373",
        "entities": [
            "同时-LOC",
            "电站-TER"
        ]
    },
    {
        "id": "test_374",
        "entities": [
            "源出-LOC",
            "黄河-TER"
        ]
    },
    {
        "id": "test_375",
        "entities": [
            "发源-LOC",
            "花江-TER"
        ]
    },
    {
        "id": "test_376",
        "entities": [
            "为中-LOC",
            "湖泊-TER"
        ]
    },
    {
        "id": "test_377",
        "entities": [
            "距河-LOC",
            "字样-TER"
        ]
    },
    {
        "id": "test_378",
        "entities": [
            "半截-LOC",
            "棱河-TER"
        ]
    },
    {
        "id": "test_379",
        "entities": [
            "锦屏-LOC",
            "经过-TER"
        ]
    },
    {
        "id": "test_380",
        "entities": [
            "发源-LOC",
            "丹江-TER"
        ]
    },
    {
        "id": "test_381",
        "entities": [
            "永安-LOC",
            "企业-TER"
        ]
    },
    {
        "id": "test_382",
        "entities": [
            "羊肠-LOC",
            "取名-TER"
        ]
    },
    {
        "id": "test_383",
        "entities": [
            "灌区-LOC",
            "原地-TER"
        ]
    },
    {
        "id": "test_384",
        "entities": [
            "杨庄-LOC",
            "涝水-TER"
        ]
    },
    {
        "id": "test_385",
        "entities": [
            "连江-LOC",
            "全境-TER"
        ]
    },
    {
        "id": "test_386",
        "entities": [
            "头沟-LOC",
            "南麓-TER"
        ]
    },
    {
        "id": "test_387",
        "entities": [
            "连江-LOC",
            "之称-TER"
        ]
    },
    {
        "id": "test_388",
        "entities": [
            "松涛-LOC",
            "部湾-TER"
        ]
    },
    {
        "id": "test_389",
        "entities": [
            "西流-LOC",
            "兰江-TER"
        ]
    },
    {
        "id": "test_390",
        "entities": [
            "发源-LOC",
            "花江-TER"
        ]
    },
    {
        "id": "test_391",
        "entities": [
            "管理-LOC",
            "交汇-TER"
        ]
    },
    {
        "id": "test_392",
        "entities": [
            "干流-LOC",
            "地区-TER"
        ]
    },
    {
        "id": "test_393",
        "entities": [
            "怀柔-LOC",
            "怀河-TER"
        ]
    },
    {
        "id": "test_394",
        "entities": [
            "20-LOC",
            "方案-TER"
        ]
    },
    {
        "id": "test_395",
        "entities": [
            "广播-LOC",
            "是梦-TER"
        ]
    },
    {
        "id": "test_396",
        "entities": [
            "沙河-LOC",
            "管理-TER"
        ]
    },
    {
        "id": "test_397",
        "entities": [
            "针对-LOC",
            "成立-TER"
        ]
    },
    {
        "id": "test_398",
        "entities": [
            "发源-LOC",
            "2米-TER"
        ]
    },
    {
        "id": "test_399",
        "entities": [
            "沙河-LOC",
            "、）-TER"
        ]
    },
    {
        "id": "test_400",
        "entities": [
            "19-LOC",
            "加工-TER"
        ]
    },
    {
        "id": "test_401",
        "entities": [
            "是新-LOC",
            "河道-TER"
        ]
    },
    {
        "id": "test_402",
        "entities": [
            "广西-LOC",
            "融江-TER"
        ]
    },
    {
        "id": "test_403",
        "entities": [
            "漳马-LOC",
            "公里-TER"
        ]
    },
    {
        "id": "test_404",
        "entities": [
            "主要-LOC",
            "相通-TER"
        ]
    },
    {
        "id": "test_405",
        "entities": [
            "此外-LOC",
            "工程-TER"
        ]
    },
    {
        "id": "test_406",
        "entities": [
            "滑石-LOC",
            "绝佳-TER"
        ]
    },
    {
        "id": "test_407",
        "entities": [
            "飞云-LOC",
            "港区-TER"
        ]
    },
    {
        "id": "test_408",
        "entities": [
            "沙溪-LOC",
            "支流-TER"
        ]
    },
    {
        "id": "test_409",
        "entities": [
            "这些-LOC",
            "入淮-TER"
        ]
    },
    {
        "id": "test_410",
        "entities": [
            "应县-LOC",
            "去处-TER"
        ]
    },
    {
        "id": "test_411",
        "entities": [
            "汤河-LOC",
            "伪水-TER"
        ]
    },
    {
        "id": "test_412",
        "entities": [
            "中、-LOC",
            "水库-TER"
        ]
    },
    {
        "id": "test_413",
        "entities": [
            "枞阳-LOC",
            "方米-TER"
        ]
    },
    {
        "id": "test_414",
        "entities": [
            "19-LOC",
            "惨重-TER"
        ]
    },
    {
        "id": "test_415",
        "entities": [
            "庄河-LOC",
            "工程-TER"
        ]
    },
    {
        "id": "test_416",
        "entities": [
            "水南-LOC",
            "水库-TER"
        ]
    },
    {
        "id": "test_417",
        "entities": [
            "为了-LOC",
            "划》-TER"
        ]
    },
    {
        "id": "test_418",
        "entities": [
            "乌苏-LOC",
            "个县-TER"
        ]
    },
    {
        "id": "test_419",
        "entities": [
            "西源-LOC",
            "千米-TER"
        ]
    },
    {
        "id": "test_420",
        "entities": [
            "岷江-LOC",
            "两岸-TER"
        ]
    },
    {
        "id": "test_421",
        "entities": [
            "若遇-LOC",
            "北江-TER"
        ]
    },
    {
        "id": "test_422",
        "entities": [
            "西河-LOC",
            "支流-TER"
        ]
    },
    {
        "id": "test_423",
        "entities": [
            "自源-LOC",
            "地区-TER"
        ]
    },
    {
        "id": "test_424",
        "entities": [
            "20-LOC",
            "立项-TER"
        ]
    },
    {
        "id": "test_425",
        "entities": [
            "先堂-LOC",
            "方米-TER"
        ]
    },
    {
        "id": "test_426",
        "entities": [
            "石坝-LOC",
            "西岸-TER"
        ]
    },
    {
        "id": "test_427",
        "entities": [
            "作为-LOC",
            "灾难-TER"
        ]
    },
    {
        "id": "test_428",
        "entities": [
            "在佳-LOC",
            "水站-TER"
        ]
    },
    {
        "id": "test_429",
        "entities": [
            "汝河-LOC",
            "枢纽-TER"
        ]
    },
    {
        "id": "test_430",
        "entities": [
            "左右-LOC",
            "亩田-TER"
        ]
    },
    {
        "id": "test_431",
        "entities": [
            "鄂凌-LOC",
            "租车-TER"
        ]
    },
    {
        "id": "test_432",
        "entities": [
            "流域-LOC",
            "惠河-TER"
        ]
    },
    {
        "id": "test_433",
        "entities": [
            "吉日-LOC",
            "默河-TER"
        ]
    },
    {
        "id": "test_434",
        "entities": [
            "记者-LOC",
            "打造-TER"
        ]
    },
    {
        "id": "test_435",
        "entities": [
            "嘉陵-LOC",
            "0米-TER"
        ]
    },
    {
        "id": "test_436",
        "entities": [
            "燕山-LOC",
            ".5-TER"
        ]
    },
    {
        "id": "test_437",
        "entities": [
            "白马-LOC",
            "潇河-TER"
        ]
    },
    {
        "id": "test_438",
        "entities": [
            "19-LOC",
            "源地-TER"
        ]
    },
    {
        "id": "test_439",
        "entities": [
            "穆棱-LOC",
            "峭壁-TER"
        ]
    },
    {
        "id": "test_440",
        "entities": [
            "但这-LOC",
            "河了-TER"
        ]
    },
    {
        "id": "test_441",
        "entities": [
            "桦树-LOC",
            "公里-TER"
        ]
    },
    {
        "id": "test_442",
        "entities": [
            "源流-LOC",
            "塘河-TER"
        ]
    },
    {
        "id": "test_443",
        "entities": [
            "江汉-LOC",
            "而成-TER"
        ]
    },
    {
        "id": "test_444",
        "entities": [
            "淄河-LOC",
            "境内-TER"
        ]
    },
    {
        "id": "test_445",
        "entities": [
            "平江-LOC",
            "水流-TER"
        ]
    },
    {
        "id": "test_446",
        "entities": [
            "长湖-LOC",
            "公里-TER"
        ]
    },
    {
        "id": "test_447",
        "entities": [
            "黑河-LOC",
            "来会-TER"
        ]
    },
    {
        "id": "test_448",
        "entities": [
            "20-LOC",
            "审议-TER"
        ]
    },
    {
        "id": "test_449",
        "entities": [
            "地处-LOC",
            "风光-TER"
        ]
    },
    {
        "id": "test_450",
        "entities": [
            "19-LOC",
            "下降-TER"
        ]
    },
    {
        "id": "test_451",
        "entities": [
            "西源-LOC",
            "汇…-TER"
        ]
    },
    {
        "id": "test_452",
        "entities": [
            "主要-LOC",
            "组成-TER"
        ]
    },
    {
        "id": "test_453",
        "entities": [
            "发源-LOC",
            "等）-TER"
        ]
    },
    {
        "id": "test_454",
        "entities": [
            "五华-LOC",
            "上游-TER"
        ]
    },
    {
        "id": "test_455",
        "entities": [
            "汀江-LOC",
            "公里-TER"
        ]
    },
    {
        "id": "test_456",
        "entities": [
            "山美-LOC",
            "发展-TER"
        ]
    },
    {
        "id": "test_457",
        "entities": [
            "在清-LOC",
            "遗址-TER"
        ]
    },
    {
        "id": "test_458",
        "entities": [
            "经过-LOC",
            "之弊-TER"
        ]
    },
    {
        "id": "test_459",
        "entities": [
            "长江-LOC",
            "线。-TER"
        ]
    },
    {
        "id": "test_460",
        "entities": [
            "黄河-LOC",
            "左右-TER"
        ]
    },
    {
        "id": "test_461",
        "entities": [
            "上源-LOC",
            "汇入-TER"
        ]
    },
    {
        "id": "test_462",
        "entities": [
            "衡水-LOC",
            "频繁-TER"
        ]
    },
    {
        "id": "test_463",
        "entities": [
            "《习-LOC",
            "小江-TER"
        ]
    },
    {
        "id": "test_464",
        "entities": [
            "张金-LOC",
            "经理-TER"
        ]
    },
    {
        "id": "test_465",
        "entities": [
            "19-LOC",
            "疏浚-TER"
        ]
    },
    {
        "id": "test_466",
        "entities": [
            "汇入-LOC",
            "尔河-TER"
        ]
    },
    {
        "id": "test_467",
        "entities": [
            "河段-LOC",
            "公里-TER"
        ]
    },
    {
        "id": "test_468",
        "entities": [
            "分布-LOC",
            "平原-TER"
        ]
    },
    {
        "id": "test_469",
        "entities": [
            "历经-LOC",
            "抬高-TER"
        ]
    },
    {
        "id": "test_470",
        "entities": [
            "鄱阳-LOC",
            "方米-TER"
        ]
    },
    {
        "id": "test_471",
        "entities": [
            "稍户-LOC",
            "细河-TER"
        ]
    },
    {
        "id": "test_472",
        "entities": [
            "五星-LOC",
            "鸟类-TER"
        ]
    },
    {
        "id": "test_473",
        "entities": [
            "嘉陵-LOC",
            "入川-TER"
        ]
    },
    {
        "id": "test_474",
        "entities": [
            "6日-LOC",
            "污染-TER"
        ]
    },
    {
        "id": "test_475",
        "entities": [
            "19-LOC",
            "每秒-TER"
        ]
    },
    {
        "id": "test_476",
        "entities": [
            "19-LOC",
            "颍河-TER"
        ]
    },
    {
        "id": "test_477",
        "entities": [
            "发源-LOC",
            "旬河-TER"
        ]
    },
    {
        "id": "test_478",
        "entities": [
            "该乡-LOC",
            "工）-TER"
        ]
    },
    {
        "id": "test_479",
        "entities": [
            "20-LOC",
            "通过-TER"
        ]
    },
    {
        "id": "test_480",
        "entities": [
            "濑江-LOC",
            "右江-TER"
        ]
    },
    {
        "id": "test_481",
        "entities": [
            "南水-LOC",
            "入淝-TER"
        ]
    },
    {
        "id": "test_482",
        "entities": [
            "麻湾-LOC",
            "平塘-TER"
        ]
    },
    {
        "id": "test_483",
        "entities": [
            "他见-LOC",
            "黄河-TER"
        ]
    },
    {
        "id": "test_484",
        "entities": [
            "发源-LOC",
            "方米-TER"
        ]
    },
    {
        "id": "test_485",
        "entities": [
            "主要-LOC",
            "析等-TER"
        ]
    },
    {
        "id": "test_486",
        "entities": [
            "大石-LOC",
            "4%-TER"
        ]
    },
    {
        "id": "test_487",
        "entities": [
            "平均-LOC",
            "沙漠-TER"
        ]
    },
    {
        "id": "test_488",
        "entities": [
            "二是-LOC",
            "公里-TER"
        ]
    },
    {
        "id": "test_489",
        "entities": [
            "相思-LOC",
            "建筑-TER"
        ]
    },
    {
        "id": "test_490",
        "entities": [
            "（8-LOC",
            "灞河-TER"
        ]
    },
    {
        "id": "test_491",
        "entities": [
            "王英-LOC",
            "km-TER"
        ]
    },
    {
        "id": "test_492",
        "entities": [
            "卧龙-LOC",
            "公里-TER"
        ]
    },
    {
        "id": "test_493",
        "entities": [
            "干江-LOC",
            "来源-TER"
        ]
    },
    {
        "id": "test_494",
        "entities": [
            "主要-LOC",
            "都河-TER"
        ]
    },
    {
        "id": "test_495",
        "entities": [
            "南至-LOC",
            "公里-TER"
        ]
    },
    {
        "id": "test_496",
        "entities": [
            "有3-LOC",
            "安全-TER"
        ]
    },
    {
        "id": "test_497",
        "entities": [
            "再加-LOC",
            "概念-TER"
        ]
    },
    {
        "id": "test_498",
        "entities": [
            "作为-LOC",
            "万元-TER"
        ]
    },
    {
        "id": "test_499",
        "entities": [
            "发源-LOC",
            "颍河-TER"
        ]
    },
    {
        "id": "test_500",
        "entities": [
            "上海-LOC",
            "贡献-TER"
        ]
    },
    {
        "id": "test_501",
        "entities": [
            "沿途-LOC",
            "支流-TER"
        ]
    },
    {
        "id": "test_502",
        "entities": [
            "清河-LOC",
            "公里-TER"
        ]
    },
    {
        "id": "test_503",
        "entities": [
            "柳河-LOC",
            "开河-TER"
        ]
    },
    {
        "id": "test_504",
        "entities": [
            "19-LOC",
            "经验-TER"
        ]
    },
    {
        "id": "test_505",
        "entities": [
            "普梅-LOC",
            "支流-TER"
        ]
    },
    {
        "id": "test_506",
        "entities": [
            "石臼-LOC",
            "冬地-TER"
        ]
    },
    {
        "id": "test_507",
        "entities": [
            "策湖-LOC",
            "体制-TER"
        ]
    },
    {
        "id": "test_508",
        "entities": [
            "观音-LOC",
            "界河-TER"
        ]
    },
    {
        "id": "test_509",
        "entities": [
            "在浚-LOC",
            "卫河-TER"
        ]
    },
    {
        "id": "test_510",
        "entities": [
            "水库-LOC",
            "万亩-TER"
        ]
    },
    {
        "id": "test_511",
        "entities": [
            "罗定-LOC",
            "情趣-TER"
        ]
    },
    {
        "id": "test_512",
        "entities": [
            "源出-LOC",
            "唐河-TER"
        ]
    },
    {
        "id": "test_513",
        "entities": [
            "牌楼-LOC",
            "公里-TER"
        ]
    },
    {
        "id": "test_514",
        "entities": [
            "在勉-LOC",
            "南河-TER"
        ]
    },
    {
        "id": "test_515",
        "entities": [
            "洪溪-LOC",
            "阳江-TER"
        ]
    },
    {
        "id": "test_516",
        "entities": [
            "秦淮-LOC",
            "湖”-TER"
        ]
    },
    {
        "id": "test_517",
        "entities": [
            "民国-LOC",
            "2)-TER"
        ]
    },
    {
        "id": "test_518",
        "entities": [
            "站在-LOC",
            "眼底-TER"
        ]
    },
    {
        "id": "test_519",
        "entities": [
            "程海-LOC",
            "来源-TER"
        ]
    },
    {
        "id": "test_520",
        "entities": [
            "据阳-LOC",
            "郁江-TER"
        ]
    },
    {
        "id": "test_521",
        "entities": [
            "沮水-LOC",
            "焉。-TER"
        ]
    },
    {
        "id": "test_522",
        "entities": [
            "发源-LOC",
            "龙江-TER"
        ]
    },
    {
        "id": "test_523",
        "entities": [
            "跨湘-LOC",
            "湖”-TER"
        ]
    },
    {
        "id": "test_524",
        "entities": [
            "位于-LOC",
            "咽喉-TER"
        ]
    },
    {
        "id": "test_525",
        "entities": [
            "断桥-LOC",
            "雪”-TER"
        ]
    },
    {
        "id": "test_526",
        "entities": [
            "西湖-LOC",
            "余脉-TER"
        ]
    },
    {
        "id": "test_527",
        "entities": [
            "20-LOC",
            "洪水-TER"
        ]
    },
    {
        "id": "test_528",
        "entities": [
            "浏河-LOC",
            "镇”-TER"
        ]
    },
    {
        "id": "test_529",
        "entities": [
            "19-LOC",
            "破坏-TER"
        ]
    },
    {
        "id": "test_530",
        "entities": [
            "山上-LOC",
            "瀑布-TER"
        ]
    },
    {
        "id": "test_531",
        "entities": [
            "东起-LOC",
            "汇入-TER"
        ]
    },
    {
        "id": "test_532",
        "entities": [
            "湖水-LOC",
            "湖泊-TER"
        ]
    },
    {
        "id": "test_533",
        "entities": [
            "笃马-LOC",
            "支流-TER"
        ]
    },
    {
        "id": "test_534",
        "entities": [
            "19-LOC",
            "基础-TER"
        ]
    },
    {
        "id": "test_535",
        "entities": [
            "主要-LOC",
            "螺河-TER"
        ]
    },
    {
        "id": "test_536",
        "entities": [
            "过去-LOC",
            "入内-TER"
        ]
    },
    {
        "id": "test_537",
        "entities": [
            "安徽-LOC",
            "批复-TER"
        ]
    },
    {
        "id": "test_538",
        "entities": [
            "南江-LOC",
            "江）-TER"
        ]
    },
    {
        "id": "test_539",
        "entities": [
            "为充-LOC",
            "电站-TER"
        ]
    },
    {
        "id": "test_540",
        "entities": [
            "其中-LOC",
            "汇入-TER"
        ]
    },
    {
        "id": "test_541",
        "entities": [
            "浑江-LOC",
            "发达-TER"
        ]
    },
    {
        "id": "test_542",
        "entities": [
            "细鳞-LOC",
            "言也-TER"
        ]
    },
    {
        "id": "test_543",
        "entities": [
            "早在-LOC",
            "水库-TER"
        ]
    },
    {
        "id": "test_544",
        "entities": [
            "菜子-LOC",
            "水系-TER"
        ]
    },
    {
        "id": "test_545",
        "entities": [
            "江汉-LOC",
            "而成-TER"
        ]
    },
    {
        "id": "test_546",
        "entities": [
            "渭河-LOC",
            "基点-TER"
        ]
    },
    {
        "id": "test_547",
        "entities": [
            "汉江-LOC",
            "山堆-TER"
        ]
    },
    {
        "id": "test_548",
        "entities": [
            "二龙-LOC",
            "涝灾-TER"
        ]
    },
    {
        "id": "test_549",
        "entities": [
            "红伏-LOC",
            "o)-TER"
        ]
    },
    {
        "id": "test_550",
        "entities": [
            "穆棱-LOC",
            "源地-TER"
        ]
    },
    {
        "id": "test_551",
        "entities": [
            "胜利-LOC",
            "8米-TER"
        ]
    },
    {
        "id": "test_552",
        "entities": [
            "19-LOC",
            "0米-TER"
        ]
    },
    {
        "id": "test_553",
        "entities": [
            "自通-LOC",
            "准备-TER"
        ]
    },
    {
        "id": "test_554",
        "entities": [
            "发源-LOC",
            "汇入-TER"
        ]
    },
    {
        "id": "test_555",
        "entities": [
            "中游-LOC",
            "7%-TER"
        ]
    },
    {
        "id": "test_556",
        "entities": [
            "如果-LOC",
            "正源-TER"
        ]
    },
    {
        "id": "test_557",
        "entities": [
            "主要-LOC",
            "二河-TER"
        ]
    },
    {
        "id": "test_558",
        "entities": [
            "江江-LOC",
            "km-TER"
        ]
    },
    {
        "id": "test_559",
        "entities": [
            "南漪-LOC",
            "水系-TER"
        ]
    },
    {
        "id": "test_560",
        "entities": [
            "扎阿-LOC",
            "千米-TER"
        ]
    },
    {
        "id": "test_561",
        "entities": [
            "上游-LOC",
            "之一-TER"
        ]
    },
    {
        "id": "test_562",
        "entities": [
            "木洞-LOC",
            "圩镇-TER"
        ]
    },
    {
        "id": "test_563",
        "entities": [
            "19-LOC",
            "重要-TER"
        ]
    },
    {
        "id": "test_564",
        "entities": [
            "圪芦-LOC",
            "括经-TER"
        ]
    },
    {
        "id": "test_565",
        "entities": [
            "源潭-LOC",
            "水势-TER"
        ]
    },
    {
        "id": "test_566",
        "entities": [
            "其主-LOC",
            "速度-TER"
        ]
    },
    {
        "id": "test_567",
        "entities": [
            "野山-LOC",
            "清江-TER"
        ]
    },
    {
        "id": "test_568",
        "entities": [
            "古老-LOC",
            "面前-TER"
        ]
    },
    {
        "id": "test_569",
        "entities": [
            "该干-LOC",
            "0年-TER"
        ]
    },
    {
        "id": "test_570",
        "entities": [
            "位于-LOC",
            "羊场-TER"
        ]
    },
    {
        "id": "test_571",
        "entities": [
            "林场-LOC",
            "在地-TER"
        ]
    },
    {
        "id": "test_572",
        "entities": [
            "19-LOC",
            "著作-TER"
        ]
    },
    {
        "id": "test_573",
        "entities": [
            "他们-LOC",
            "而废-TER"
        ]
    },
    {
        "id": "test_574",
        "entities": [
            "19-LOC",
            "验》-TER"
        ]
    },
    {
        "id": "test_575",
        "entities": [
            "源于-LOC",
            "汀江-TER"
        ]
    },
    {
        "id": "test_576",
        "entities": [
            "发源-LOC",
            "农场-TER"
        ]
    },
    {
        "id": "test_577",
        "entities": [
            "尼洋-LOC",
            "5月-TER"
        ]
    },
    {
        "id": "test_578",
        "entities": [
            "发源-LOC",
            "池河-TER"
        ]
    },
    {
        "id": "test_579",
        "entities": [
            "19-LOC",
            "工作-TER"
        ]
    },
    {
        "id": "test_580",
        "entities": [
            "丹江-LOC",
            "公里-TER"
        ]
    },
    {
        "id": "test_581",
        "entities": [
            "地址-LOC",
            "连池-TER"
        ]
    },
    {
        "id": "test_582",
        "entities": [
            "慎水-LOC",
            "公里-TER"
        ]
    },
    {
        "id": "test_583",
        "entities": [
            "新安-LOC",
            "如此-TER"
        ]
    },
    {
        "id": "test_584",
        "entities": [
            "当磨-LOC",
            "安全-TER"
        ]
    },
    {
        "id": "test_585",
        "entities": [
            "西支-LOC",
            "公里-TER"
        ]
    },
    {
        "id": "test_586",
        "entities": [
            "卧都-LOC",
            "支流-TER"
        ]
    },
    {
        "id": "test_587",
        "entities": [
            "长江-LOC",
            "能力-TER"
        ]
    },
    {
        "id": "test_588",
        "entities": [
            "金井-LOC",
            "西麓-TER"
        ]
    },
    {
        "id": "test_589",
        "entities": [
            "森防-LOC",
            "建设-TER"
        ]
    },
    {
        "id": "test_590",
        "entities": [
            "葫芦-LOC",
            "公里-TER"
        ]
    },
    {
        "id": "test_591",
        "entities": [
            "向北-LOC",
            "洛河-TER"
        ]
    },
    {
        "id": "test_592",
        "entities": [
            "大隆-LOC",
            "湖”-TER"
        ]
    },
    {
        "id": "test_593",
        "entities": [
            "流入-LOC",
            "方米-TER"
        ]
    },
    {
        "id": "test_594",
        "entities": [
            "西辽-LOC",
            "区域-TER"
        ]
    },
    {
        "id": "test_595",
        "entities": [
            "南云-LOC",
            "区域-TER"
        ]
    },
    {
        "id": "test_596",
        "entities": [
            "——-LOC",
            "损失-TER"
        ]
    },
    {
        "id": "test_597",
        "entities": [
            "红卫-LOC",
            "命名-TER"
        ]
    },
    {
        "id": "test_598",
        "entities": [
            "三统-LOC",
            "境内-TER"
        ]
    },
    {
        "id": "test_599",
        "entities": [
            "围山-LOC",
            "工程-TER"
        ]
    },
    {
        "id": "test_600",
        "entities": [
            "只要-LOC",
            "矣”-TER"
        ]
    },
    {
        "id": "test_601",
        "entities": [
            "战国-LOC",
            "策》-TER"
        ]
    },
    {
        "id": "test_602",
        "entities": [
            "20-LOC",
            "标准-TER"
        ]
    },
    {
        "id": "test_603",
        "entities": [
            "澜沧-LOC",
            "沧江-TER"
        ]
    },
    {
        "id": "test_604",
        "entities": [
            "长湖-LOC",
            "鱼肴-TER"
        ]
    },
    {
        "id": "test_605",
        "entities": [
            "镇江-LOC",
            "8′-TER"
        ]
    },
    {
        "id": "test_606",
        "entities": [
            "该地-LOC",
            "公里-TER"
        ]
    },
    {
        "id": "test_607",
        "entities": [
            "20-LOC",
            "2%-TER"
        ]
    },
    {
        "id": "test_608",
        "entities": [
            "坝址-LOC",
            "km-TER"
        ]
    },
    {
        "id": "test_609",
        "entities": [
            "自邕-LOC",
            "滑坡-TER"
        ]
    },
    {
        "id": "test_610",
        "entities": [
            "我的-LOC",
            "斯湖-TER"
        ]
    },
    {
        "id": "test_611",
        "entities": [
            "汛期-LOC",
            "渭浊-TER"
        ]
    },
    {
        "id": "test_612",
        "entities": [
            "门鲁-LOC",
            "支流-TER"
        ]
    },
    {
        "id": "test_613",
        "entities": [
            "台地-LOC",
            "地区-TER"
        ]
    },
    {
        "id": "test_614",
        "entities": [
            "发源-LOC",
            "支流-TER"
        ]
    },
    {
        "id": "test_615",
        "entities": [
            "龙窝-LOC",
            "补充-TER"
        ]
    },
    {
        "id": "test_616",
        "entities": [
            "太阳-LOC",
            "0亩-TER"
        ]
    },
    {
        "id": "test_617",
        "entities": [
            "柴家-LOC",
            "公里-TER"
        ]
    },
    {
        "id": "test_618",
        "entities": [
            "自青-LOC",
            "水库-TER"
        ]
    },
    {
        "id": "test_619",
        "entities": [
            "新城-LOC",
            "洛涧-TER"
        ]
    },
    {
        "id": "test_620",
        "entities": [
            "水有-LOC",
            "富水-TER"
        ]
    },
    {
        "id": "test_621",
        "entities": [
            "铁塘-LOC",
            "蒸水-TER"
        ]
    },
    {
        "id": "test_622",
        "entities": [
            "直至-LOC",
            "定河-TER"
        ]
    },
    {
        "id": "test_623",
        "entities": [
            "黄河-LOC",
            "渭河-TER"
        ]
    },
    {
        "id": "test_624",
        "entities": [
            "此前-LOC",
            "水”-TER"
        ]
    },
    {
        "id": "test_625",
        "entities": [
            "为了-LOC",
            "电站-TER"
        ]
    },
    {
        "id": "test_626",
        "entities": [
            "新河-LOC",
            "河道-TER"
        ]
    },
    {
        "id": "test_627",
        "entities": [
            "6年-LOC",
            "立米-TER"
        ]
    }
]